{
  "parent": "item/handheld_rod",
  "textures": {
    "layer0": "item/carrot_on_a_stick"
  },
  "overrides": [
    { "predicate": { "custom_model_data": 1}, "model": "item/spellbrewer" },
    { "predicate": { "custom_model_data": 2}, "model": "item/spellbrewer" },
    { "predicate": { "custom_model_data": 3}, "model": "item/track" },
    { "predicate": { "custom_model_data": 4}, "model": "item/redstoneapplier" },
    { "predicate": { "custom_model_data": 5}, "model": "item/breaker" },
    { "predicate": { "custom_model_data": 6}, "model": "item/sidehopper" }
  ]
}
