{
    "__comment": "Model generated using MrCrayfish's Model Creator (http://mrcrayfish.com/modelcreator/)",
    "textures": {
        "0": "item/crafting_table0",
        "1": "item/crafting_table1",
        "2": "item/crafting_table2",
        "3": "item/crafting_table3"
    },
    "elements": [
        {
            "name": "Cube",
            "from": [ 0.0, 0.0, 0.0 ],
            "to": [ 16.0, 16.0, 16.0 ],
            "faces": {
                "north": { "texture": "#0", "uv": [ 0.0, 0.0, 16.0, 16.0 ] },
                "east": { "texture": "#1", "uv": [ 0.0, 0.0, 16.0, 16.0 ] },
                "south": { "texture": "#0", "uv": [ 0.0, 0.0, 16.0, 16.0 ] },
                "west": { "texture": "#1", "uv": [ 0.0, 0.0, 16.0, 16.0 ] },
                "up": { "texture": "#2", "uv": [ 0.0, 0.0, 16.0, 16.0 ] },
                "down": { "texture": "#3", "uv": [ 0.0, 0.0, 16.0, 16.0 ] }
            }
        }
    ],"display": {
    "thirdperson_lefthand": {"rotation": [ 0, 0, 0], "translation": [ 0, 0, 0 ], "scale": [ 0.5, 0.5, 0.5 ]},
    "thirdperson_righthand": {"rotation": [ 0, 0, 0], "translation": [ 0, 0, 0 ], "scale": [ 0.5, 0.5, 0.5 ]},
    "firstperson_lefthand": {"rotation": [ 0, 45, 0 ], "translation": [ 0, 0, 0 ], "scale": [ 0.5, 0.5, 0.5 ]},
    "firstperson_righthand": {"rotation": [ 0, 45, 0 ], "translation": [ 0, 0, 0 ], "scale": [ 0.5, 0.5, 0.5 ]},
    "gui": {"rotation": [ 30, 45, 0 ], "translation": [ 0, 0, 0 ], "scale": [ 0.65, 0.65, 0.65 ]},
    "ground": {"rotation": [ 0, 0, 0], "translation": [ 0, 5, 0 ], "scale":[0.25,0.25,0.25]},
    "head": { "translation": [ 0, -33, 0 ], "scale": [ 2.3, 2.3, 2.3 ]},
    "fixed": {"rotation": [ 0, 0, 0], "translation": [ 0, 0, 0 ], "scale":[1,1,1]}
}
}
