{
  "parent": "item/handheld",
  "textures": {
    "layer0": "item/slime_ball"
  },
  "overrides": [
    { "predicate": { "custom_model_data": 1}, "model": "item/slime_ball/water" },
    { "predicate": { "custom_model_data": 2}, "model": "item/slime_ball/fire" },
    { "predicate": { "custom_model_data": 3}, "model": "item/slime_ball/earth" },
    { "predicate": { "custom_model_data": 4}, "model": "item/slime_ball/air" },
    { "predicate": { "custom_model_data": 5}, "model": "item/s_crafting" },
    { "predicate": { "custom_model_data": 6}, "model": "item/etherium" },
    { "predicate": { "custom_model_data": 7}, "model": "item/clear" }
  ]
}
